id;name;code;start_date;serial;department;owner;unit;quantity;price;amount;status;note
1;Investment empower Division;GB primary;2024-01-04;bluetooth Missouri;Burg parse;Gorgeous;repurpose;54572;56197;75082;purple Movies Steel;Investor needs-based Ergonomic
2;invoice;systems Tunisia;2024-01-04;solutions Home holistic;green Analyst;quantifying Product;bypass;28206;57523;46396;facilitate;Uganda
3;transmitter Avon connecting;Tunnel JSON;2024-01-04;Hat program;real-time;bus Venezuela Account;integrate Lodge;77732;3469;53817;override;Centers
4;Planner capacitor Human;e-markets violet RAM;2024-01-04;Wooden cultivate Frozen;Human framework bluetooth;Industrial;driver;22983;78503;29525;payment convergence Massachusetts;Kids
5;SQL;Tools paradigms Slovakia;2024-01-04;Triple-buffered e-commerce;Helena Licensed;bi-directional Louisiana Refined;deposit withdrawal;83373;85124;13007;programming system capability;Samoa Oklahoma Fantastic
6;Ball;Unbranded Diverse Argentina;2024-01-04;Handmade;approach Tennessee Health;Square deposit efficient;Delaware Steel;4239;925;19705;Cambridgeshire Music;Product
7;Fish Berkshire Identity;Wooden;2024-01-04;panel;panel;flexibility cyan;Team-oriented;44892;48173;90515;Account Pizza Open-architected;matrix systems
8;Multi-layered;Pizza;2024-01-04;Toys green THX;pricing Compatible up;Hat Rustic Intelligent;Bedfordshire input instruction;98649;63378;70891;Object-based;Bacon cross-platform Frozen
9;Group Láº¡p;Fish matrix Fantastic;2024-01-04;flexibility Re-contextualized Global;Internal Plastic;Handmade;payment Group Plastic;31319;55657;47485;Small;lime Response
10;Groves override;Steel Account;2024-01-04;Alaska Regional Dynamic;Producer;e-tailers Optimization;Mountain Customer Ball;25198;85340;26361;user-facing transmitting Licensed;generating scalable
